<application>
  <component name="ProjectManager">
    <defaultProject>
      <component name="Encoding" addBOMForNewFiles="with BOM under Windows, with no BOM otherwise" />
      <component name="WindowStateProjectService">
        <state x="1312" y="303" key="Rider.ProjectTemplateDialog.Size" timestamp="1677584992238">
          <screen x="0" y="0" width="3440" height="1392" />
        </state>
        <state x="1312" y="303" key="Rider.ProjectTemplateDialog.Size/-1920.-95.1920.1032/0.0.3440.1392" timestamp="1677584992238" />
      </component>
    </defaultProject>
  </component>
</application>