<application>
  <component name="CodeInsightSettings">
    <option name="completionCaseSensitive" value="2" />
    <option name="selectAutopopupSuggestionsByChars" value="true" />
    <option name="AUTO_POPUP_JAVADOC_INFO" value="true" />
    <option name="COMPLETION_CASE_SENSITIVE" value="2" />
    <option name="SELECT_AUTOPOPUP_SUGGESTIONS_BY_CHARS" value="true" />
    <option name="AUTOCOMPLETE_ON_CODE_COMPLETION" value="false" />
    <option name="INSERT_BRACE_ON_ENTER" value="false" />
  </component>
  <component name="DeclarativeInlayHintsSettings">
    <option name="enabledOptions">
      <map>
        <entry key="ts.type.hints#function.returns" value="false" />
      </map>
    </option>
  </component>
  <component name="EditorSettings">
    <option name="STRIP_TRAILING_SPACES" value="None" />
    <option name="IS_WHEEL_FONTCHANGE_ENABLED" value="true" />
    <option name="IS_WHEEL_FONTCHANGE_PERSISTENT" value="true" />
  </component>
  <component name="TodoConfiguration">
    <pattern pattern="\bNotImplementedException\b" />
    <pattern case-sensitive="true" pattern="(?&lt;=\W|^)(?&lt;TAG&gt;BUG:)(\W|$)(.*)" />
    <pattern pattern="(?&lt;=\W|^)(?&lt;TAG&gt;TODO)(\W|$)(.*)" />
  </component>
</application>