<application>
  <component name="LafManager">
    <laf themeId="com.github.catppuccin.mocha.jetbrains" />
    <lafs-to-previous-schemes>
      <laf-to-scheme laf="ExperimentalDark" scheme="_@user_Catppuccin Latte (no italics)" />
      <laf-to-scheme laf="com.github.catppuccin.mocha.jetbrains" scheme="_@user_Catppuccin Mocha (no italics)" />
      <laf-to-scheme laf="f92a0fa7-1a98-47cd-b5cb-78ff67e6f4f3" scheme="_@user_One Dark Vivid" />
    </lafs-to-previous-schemes>
  </component>
</application>