<keymap version="1" name="Visual Studio (Migrated)" parent="Visual Studio 2022">
  <action id="ActivateStructureToolWindow">
    <keyboard-shortcut first-keystroke="ctrl alt t" />
    <keyboard-shortcut first-keystroke="ctrl alt f" />
  </action>
  <action id="ChangeSignature">
    <keyboard-shortcut first-keystroke="ctrl r" second-keystroke="v" />
    <keyboard-shortcut first-keystroke="ctrl r" second-keystroke="ctrl v" />
    <keyboard-shortcut first-keystroke="ctrl r" second-keystroke="o" />
    <keyboard-shortcut first-keystroke="ctrl r" second-keystroke="ctrl o" />
    <keyboard-shortcut first-keystroke="ctrl r" second-keystroke="ctrl s" />
    <keyboard-shortcut first-keystroke="ctrl r" second-keystroke="s" />
  </action>
  <action id="EditorDown">
    <keyboard-shortcut first-keystroke="down" />
    <keyboard-shortcut first-keystroke="alt j" />
  </action>
  <action id="EditorUp">
    <keyboard-shortcut first-keystroke="up" />
    <keyboard-shortcut first-keystroke="alt k" />
  </action>
  <action id="EnableDaemon">
    <keyboard-shortcut first-keystroke="shift ctrl alt 8" />
  </action>
  <action id="GotoBookmark0">
    <keyboard-shortcut first-keystroke="ctrl 0" />
  </action>
  <action id="GotoSymbol">
    <keyboard-shortcut first-keystroke="shift ctrl alt t" />
    <keyboard-shortcut first-keystroke="shift alt t" />
  </action>
  <action id="Inline">
    <keyboard-shortcut first-keystroke="ctrl r" second-keystroke="i" />
    <keyboard-shortcut first-keystroke="ctrl r" second-keystroke="ctrl i" />
  </action>
  <action id="InspectThis">
    <keyboard-shortcut first-keystroke="shift ctrl alt a" />
  </action>
  <action id="IntroduceVariable">
    <keyboard-shortcut first-keystroke="ctrl r" second-keystroke="v" />
    <keyboard-shortcut first-keystroke="ctrl r" second-keystroke="ctrl v" />
  </action>
  <action id="Move">
    <keyboard-shortcut first-keystroke="ctrl r" second-keystroke="ctrl o" />
    <keyboard-shortcut first-keystroke="ctrl r" second-keystroke="o" />
  </action>
  <action id="MoveStatementDown">
    <keyboard-shortcut first-keystroke="shift ctrl alt down" />
    <keyboard-shortcut first-keystroke="shift ctrl alt j" />
  </action>
  <action id="MoveStatementUp">
    <keyboard-shortcut first-keystroke="shift ctrl alt up" />
    <keyboard-shortcut first-keystroke="shift ctrl alt k" />
  </action>
  <action id="OpenInlineChatAction">
    <keyboard-shortcut first-keystroke="shift ctrl g" />
  </action>
  <action id="RecentChangedFiles">
    <keyboard-shortcut first-keystroke="shift ctrl comma" />
  </action>
  <action id="RecentFiles">
    <keyboard-shortcut first-keystroke="ctrl comma" />
  </action>
  <action id="ReformatWithPrettierAction">
    <keyboard-shortcut first-keystroke="shift ctrl alt p" />
    <keyboard-shortcut first-keystroke="shift ctrl #10000d6" />
  </action>
  <action id="RiderUnitTestAppendTestsAction">
    <keyboard-shortcut first-keystroke="ctrl u" second-keystroke="a" />
    <keyboard-shortcut first-keystroke="ctrl u" second-keystroke="ctrl a" />
  </action>
  <action id="RiderUnitTestDebugContextAction">
    <keyboard-shortcut first-keystroke="ctrl u" second-keystroke="d" />
    <keyboard-shortcut first-keystroke="ctrl u" second-keystroke="ctrl d" />
  </action>
  <action id="RiderUnitTestFocusExplorerAction">
    <keyboard-shortcut first-keystroke="ctrl alt u" />
  </action>
  <action id="RiderUnitTestNewSessionAction">
    <keyboard-shortcut first-keystroke="ctrl u" second-keystroke="n" />
    <keyboard-shortcut first-keystroke="ctrl u" second-keystroke="ctrl n" />
  </action>
  <action id="RiderUnitTestRunContextAction">
    <keyboard-shortcut first-keystroke="ctrl u" second-keystroke="ctrl r" />
    <keyboard-shortcut first-keystroke="ctrl u" second-keystroke="r" />
  </action>
  <action id="RiderUnitTestRunCurrentSessionAction">
    <keyboard-shortcut first-keystroke="ctrl u" second-keystroke="y" />
    <keyboard-shortcut first-keystroke="ctrl u" second-keystroke="ctrl y" />
  </action>
  <action id="Unscramble">
    <keyboard-shortcut first-keystroke="ctrl e" second-keystroke="ctrl t" />
    <keyboard-shortcut first-keystroke="ctrl e" second-keystroke="t" />
  </action>
  <action id="copilot.disposeInlays" />
</keymap>