<application>
  <component name="ProjectManager">
    <defaultProject>
      <component name="Encoding" addBOMForNewFiles="with BOM under Windows, with no BOM otherwise" />
      <component name="ProjectViewState">
        <option name="autoscrollFromSource" value="true" />
        <option name="hideEmptyMiddlePackages" value="true" />
        <option name="showLibraryContents" value="true" />
      </component>
      <component name="PropertiesComponent">{
  &quot;keyToString&quot;: {
    &quot;settings.editor.selected.configurable&quot;: &quot;editor.preferences.fonts.default&quot;
  }
}</component>
      <component name="TaskManager">
        <task active="true" id="Default" summary="Default task">
          <created>1686567561957</created>
          <option name="number" value="Default" />
          <option name="presentableId" value="Default" />
          <updated>1686567561957</updated>
        </task>
        <servers />
      </component>
      <component name="WindowStateProjectService">
        <state x="1105" y="283" key="Rider.NewProjectDialog.Size" timestamp="1714478097241">
          <screen x="0" y="0" width="3440" height="1392" />
        </state>
        <state x="822" y="283" key="Rider.NewProjectDialog.Size/0.0.2560.1392" timestamp="1714392441362" />
        <state x="1105" y="283" key="Rider.NewProjectDialog.Size/3440.7.2560.1392/0.0.3440.1392" timestamp="1714478097241" />
      </component>
    </defaultProject>
  </component>
</application>