<application>
  <component name="Trusted.Paths">
    <option name="TRUSTED_PROJECT_PATHS">
      <map>
        <entry key="C:\Checkouts\BackgroundWorkers\Nordan.BackgroundWorkers" value="true" />
        <entry key="C:\Checkouts\BackgroundWorkers\Nordan.BackgroundWorkers\.idea\.idea.NordanBackgroundWorkers" value="true" />
        <entry key="C:\Checkouts\Domain" value="true" />
        <entry key="C:\Checkouts\Domain\.idea\.idea.Nordan.Domain" value="true" />
        <entry key="C:\Checkouts\Ecus\ECOM" value="true" />
        <entry key="C:\Checkouts\Ecus\ECOM 2" value="true" />
        <entry key="C:\Checkouts\Ecus\ECOM 2\.idea\.idea.Ecus.CaseManagement" value="true" />
        <entry key="C:\Checkouts\Ecus\ECOM 2\Ecus.CaseManagement.Angular\ClientApp" value="true" />
        <entry key="C:\Checkouts\Ecus\ECOM 2\Ecus.CaseManagement.Angular\ClientApp\.idea\.idea.ClientApp.dir" value="true" />
        <entry key="C:\Checkouts\Ecus\ECOM\.idea\.idea.Ecus.CaseManagement" value="true" />
        <entry key="C:\Checkouts\Effektid" value="true" />
        <entry key="C:\Checkouts\Effektid2" value="true" />
        <entry key="C:\Checkouts\Effektid2\.idea\.idea.Effektid" value="true" />
        <entry key="C:\Checkouts\Effektid\.idea\.idea.Effektid" value="true" />
        <entry key="C:\Checkouts\Kodexempel-Iosoft" value="true" />
        <entry key="C:\Checkouts\Kodexempel-Iosoft\.idea\.idea.Kodexempel" value="true" />
        <entry key="C:\Checkouts\Kodexempel-Iosoft\Kodexempel" value="true" />
        <entry key="C:\Checkouts\Lemonade Stand\BlazorApp1" value="true" />
        <entry key="C:\Checkouts\Lemonade Stand\BlazorApp1\.idea\.idea.LemonadeStand" value="true" />
        <entry key="C:\Checkouts\Lemonade-Stand" value="true" />
        <entry key="C:\Checkouts\Lemonade-Stand\.idea\.idea.Lemonade Stand" value="true" />
        <entry key="C:\Checkouts\Ludde" value="true" />
        <entry key="C:\Checkouts\Ludde\.idea\.idea.Lemonade-Stand" value="true" />
        <entry key="C:\Checkouts\MPS.Production" value="true" />
        <entry key="C:\Checkouts\Machine.Lib\Nordan.Machine.Lib" value="true" />
        <entry key="C:\Checkouts\Mikaela" value="true" />
        <entry key="C:\Checkouts\Mikaela\.idea\.idea.LemonadeStand" value="true" />
        <entry key="C:\Checkouts\Offerta" value="true" />
        <entry key="C:\Checkouts\OffertaLight2" value="true" />
        <entry key="C:\Checkouts\OffertaLight2\.idea\.idea.Nordan.OffertaLight2" value="true" />
        <entry key="C:\Checkouts\OffertaLight2\Nordan.OffertaLight2.Web\ClientApp" value="true" />
        <entry key="C:\Checkouts\OffertaLight2\Nordan.OffertaLight2.Web\ClientApp\.idea\.idea.ClientApp.dir" value="true" />
        <entry key="C:\Checkouts\Offerta\.idea\.idea.Offerta" value="true" />
        <entry key="C:\Checkouts\PowerBI\Nordan.BackgroundWorkers" value="true" />
        <entry key="C:\Checkouts\PowerBI\Nordan.BackgroundWorkers\.idea\.idea.NordanBackgroundWorkers" value="true" />
        <entry key="C:\Checkouts\Private\CvApp" value="true" />
        <entry key="C:\Checkouts\Private\CvApp\.idea\.idea.CvApp" value="true" />
        <entry key="C:\Checkouts\Private\OTAB-Bot-Notifier" value="true" />
        <entry key="C:\Checkouts\Private\productivity-tools\tools" value="true" />
        <entry key="C:\Checkouts\Private\productivity-tools\tools\.idea\.idea.tools.dir" value="true" />
        <entry key="C:\Checkouts\Roadtrippr" value="true" />
        <entry key="C:\Checkouts\Roadtrippr\.idea\.idea.Roadtrippr" value="true" />
        <entry key="C:\Checkouts\WoodProcessing" value="true" />
        <entry key="C:\Checkouts\WoodProcessingTemp2" value="true" />
        <entry key="C:\Checkouts\WoodProcessingTemp2\.idea\.idea.Nordan.WoodProcessing" value="true" />
        <entry key="C:\Checkouts\WoodProcessing\.idea\.idea.Nordan.WoodProcessing" value="true" />
        <entry key="C:\Checkouts\dyningrepp" value="true" />
        <entry key="C:\Checkouts\dyningrepp\.idea\.idea.DynIngrepp" value="true" />
        <entry key="C:\Checkouts\iosoft-effektid" value="true" />
        <entry key="C:\Checkouts\iosoft-effektid\.idea\.idea.Effektid" value="true" />
        <entry key="C:\Checkouts\kust-services" value="true" />
        <entry key="C:\Checkouts\mbp-portal" value="true" />
        <entry key="C:\Checkouts\mbp-portal\.idea\.idea.MBPPortal" value="true" />
        <entry key="C:\Checkouts\nordan-mps" value="true" />
        <entry key="C:\Checkouts\nordan-offerta" value="true" />
        <entry key="C:\Checkouts\nordan-offerta\.idea\.idea.Offerta" value="true" />
        <entry key="C:\Checkouts\nordan-offertalight" value="true" />
        <entry key="C:\Checkouts\nordan-offertalight\.idea\.idea.Nordan.OffertaLight2" value="true" />
        <entry key="C:\Checkouts\nordan-offertalight\Nordan.OffertaLight2.Web\ClientApp" value="true" />
        <entry key="C:\Checkouts\nordan-offertalight\Nordan.OffertaLight2.Web\ClientApp\.idea\.idea.ClientApp.dir" value="true" />
        <entry key="C:\Checkouts\nordan-webmps" value="true" />
        <entry key="C:\Checkouts\nordan-webmps\.idea\.idea.Nordan.WebMPS" value="true" />
        <entry key="C:\Checkouts\nordan.mps" value="true" />
        <entry key="C:\Checkouts\nordan.mps\.idea\.idea.Nordan.MPS" value="true" />
        <entry key="C:\Checkouts\nordan.webmps" value="true" />
        <entry key="C:\Checkouts\nordan.webmps\.idea\.idea.Nordan.WebMPS" value="true" />
        <entry key="C:\Checkouts\tempOL\Nordan.OffertaLight2.Web\ClientApp" value="true" />
        <entry key="C:\Checkouts\tempOL\Nordan.OffertaLight2.Web\ClientApp\.idea\.idea.ClientApp.dir" value="true" />
        <entry key="C:\Checkouts\testportalen" value="true" />
        <entry key="C:\Users\mans.andersson\AppData\Roaming\JetBrains\Rider2022.2\resharper-host\RiderTutorials\Tutorials\T1" value="true" />
      </map>
    </option>
  </component>
</application>