<application>
  <component name="WebBrowsersConfiguration">
    <browser id="98ca6316-2f89-46d9-a9e5-fa9e2b0625b3" name="Chrome" family="CHROME">
      <settings>
        <use-custom-profile>true</use-custom-profile>
        <user-data-dir>$USER_HOME$/AppData/Local/Google/Chrome/User Data</user-data-dir>
      </settings>
    </browser>
    <browser id="a7bb68e0-33c0-4d6f-a81a-aac1fdb870c8" name="Firefox" family="FIREFOX" />
    <browser id="e5120d43-2c3f-47ef-9f26-65e539e05186" name="Safari" family="SAFARI" active="false" />
    <browser id="53e2f627-b1a7-4dfa-bfa7-5b83cc034776" name="Opera" family="CHROME" path="opera" active="false" />
    <browser id="16bf23d4-93e0-4ffc-bfd6-cb13575177b0" name="Internet Explorer" family="EXPLORER" active="false" />
    <browser id="37cae5b9-e8b2-4949-9172-aafa37fbc09c" name="Edge" family="CHROME" path="msedge" />
  </component>
</application>