<application>
  <component name="DimensionService">
    <location key="find.popup.3440.0.2560.1440" x="4397" y="107" />
    <location key="find.popup.0.0.3440.1440" x="1248" y="249" />
    <location key="REMOTE_DEVELOPMENT_CONNECTION.0.0.3440.1440" x="214" y="157" />
    <size key="GridCell.Tab.0.left.0.0.3440.1440" width="3374" height="365" />
    <size key="GridCell.Tab.0.center.0.0.3440.1440" width="3374" height="365" />
    <size key="GridCell.Tab.0.right.0.0.3440.1440" width="3374" height="365" />
    <size key="GridCell.Tab.0.bottom.0.0.3440.1440" width="3374" height="365" />
    <size key="GridCell.Tab.1.left.0.0.3440.1440" width="3374" height="365" />
    <size key="GridCell.Tab.1.center.0.0.3440.1440" width="3374" height="365" />
    <size key="GridCell.Tab.1.right.0.0.3440.1440" width="3374" height="365" />
    <size key="GridCell.Tab.1.bottom.0.0.3440.1440" width="3374" height="365" />
    <size key="GridCell.Tab.3.left.0.0.3440.1440" width="3374" height="365" />
    <size key="GridCell.Tab.3.center.0.0.3440.1440" width="3374" height="365" />
    <size key="GridCell.Tab.3.right.0.0.3440.1440" width="3374" height="365" />
    <size key="GridCell.Tab.3.bottom.0.0.3440.1440" width="3374" height="365" />
    <size key="GridCell.Tab.4.left.0.0.3440.1440" width="3374" height="365" />
    <size key="GridCell.Tab.4.center.0.0.3440.1440" width="3374" height="365" />
    <size key="GridCell.Tab.4.right.0.0.3440.1440" width="3374" height="365" />
    <size key="GridCell.Tab.4.bottom.0.0.3440.1440" width="3374" height="365" />
    <size key="GridCell.Tab.2.left.0.0.3440.1440" width="3374" height="365" />
    <size key="GridCell.Tab.2.center.0.0.3440.1440" width="3374" height="365" />
    <size key="GridCell.Tab.2.right.0.0.3440.1440" width="3374" height="365" />
    <size key="GridCell.Tab.2.bottom.0.0.3440.1440" width="3374" height="365" />
    <size key="GridCell.Tab.0.left.3440.256.2560.1440" width="2479" height="271" />
    <size key="GridCell.Tab.0.center.3440.256.2560.1440" width="2479" height="271" />
    <size key="GridCell.Tab.0.right.3440.256.2560.1440" width="2479" height="271" />
    <size key="GridCell.Tab.0.bottom.3440.256.2560.1440" width="2479" height="271" />
    <size key="GridCell.Tab.1.left.3440.256.2560.1440" width="2479" height="271" />
    <size key="GridCell.Tab.1.center.3440.256.2560.1440" width="2479" height="271" />
    <size key="GridCell.Tab.1.right.3440.256.2560.1440" width="2479" height="271" />
    <size key="GridCell.Tab.1.bottom.3440.256.2560.1440" width="2479" height="271" />
    <size key="GridCell.Tab.3.left.3440.256.2560.1440" width="2479" height="271" />
    <size key="GridCell.Tab.3.center.3440.256.2560.1440" width="2479" height="271" />
    <size key="GridCell.Tab.3.right.3440.256.2560.1440" width="2479" height="271" />
    <size key="GridCell.Tab.3.bottom.3440.256.2560.1440" width="2479" height="271" />
    <size key="GridCell.Tab.4.left.3440.256.2560.1440" width="2479" height="271" />
    <size key="GridCell.Tab.4.center.3440.256.2560.1440" width="2479" height="271" />
    <size key="GridCell.Tab.4.right.3440.256.2560.1440" width="2479" height="271" />
    <size key="GridCell.Tab.4.bottom.3440.256.2560.1440" width="2479" height="271" />
    <size key="GridCell.Tab.2.left.3440.256.2560.1440" width="2479" height="271" />
    <size key="GridCell.Tab.2.center.3440.256.2560.1440" width="2479" height="271" />
    <size key="GridCell.Tab.2.right.3440.256.2560.1440" width="2479" height="271" />
    <size key="GridCell.Tab.2.bottom.3440.256.2560.1440" width="2479" height="271" />
    <size key="GridCell.Tab.0.left.0.0.3440.1440@192dpi" width="3440" height="135" />
    <size key="GridCell.Tab.0.center.0.0.3440.1440@192dpi" width="3440" height="135" />
    <size key="GridCell.Tab.0.right.0.0.3440.1440@192dpi" width="3440" height="135" />
    <size key="GridCell.Tab.0.bottom.0.0.3440.1440@192dpi" width="3440" height="135" />
    <size key="GridCell.Tab.1.left.0.0.3440.1440@192dpi" width="3440" height="135" />
    <size key="GridCell.Tab.1.center.0.0.3440.1440@192dpi" width="3440" height="135" />
    <size key="GridCell.Tab.1.right.0.0.3440.1440@192dpi" width="3440" height="135" />
    <size key="GridCell.Tab.1.bottom.0.0.3440.1440@192dpi" width="3440" height="135" />
    <size key="GridCell.Tab.2.left.0.0.3440.1440@192dpi" width="3440" height="135" />
    <size key="GridCell.Tab.2.center.0.0.3440.1440@192dpi" width="3440" height="135" />
    <size key="GridCell.Tab.2.right.0.0.3440.1440@192dpi" width="3440" height="135" />
    <size key="GridCell.Tab.2.bottom.0.0.3440.1440@192dpi" width="3440" height="135" />
    <size key="GridCell.Tab.3.left.0.0.3440.1440@192dpi" width="3440" height="135" />
    <size key="GridCell.Tab.3.center.0.0.3440.1440@192dpi" width="3440" height="135" />
    <size key="GridCell.Tab.3.right.0.0.3440.1440@192dpi" width="3440" height="135" />
    <size key="GridCell.Tab.3.bottom.0.0.3440.1440@192dpi" width="3440" height="135" />
    <size key="GridCell.Tab.4.left.0.0.3440.1440@192dpi" width="3440" height="135" />
    <size key="GridCell.Tab.4.center.0.0.3440.1440@192dpi" width="3440" height="135" />
    <size key="GridCell.Tab.4.right.0.0.3440.1440@192dpi" width="3440" height="135" />
    <size key="GridCell.Tab.4.bottom.0.0.3440.1440@192dpi" width="3440" height="135" />
    <size key="GridCell.Tab.0.left.3440.0.2560.1440" width="1239" height="162" />
    <size key="GridCell.Tab.0.center.3440.0.2560.1440" width="1239" height="162" />
    <size key="GridCell.Tab.0.right.3440.0.2560.1440" width="1239" height="162" />
    <size key="GridCell.Tab.0.bottom.3440.0.2560.1440" width="1239" height="162" />
    <size key="GridCell.Tab.1.left.3440.0.2560.1440" width="1239" height="162" />
    <size key="GridCell.Tab.1.center.3440.0.2560.1440" width="1239" height="162" />
    <size key="GridCell.Tab.1.right.3440.0.2560.1440" width="1239" height="162" />
    <size key="GridCell.Tab.1.bottom.3440.0.2560.1440" width="1239" height="162" />
    <size key="GridCell.Tab.2.left.3440.0.2560.1440" width="1239" height="162" />
    <size key="GridCell.Tab.2.center.3440.0.2560.1440" width="1239" height="162" />
    <size key="GridCell.Tab.2.right.3440.0.2560.1440" width="1239" height="162" />
    <size key="GridCell.Tab.2.bottom.3440.0.2560.1440" width="1239" height="162" />
    <size key="GridCell.Tab.3.left.3440.0.2560.1440" width="1239" height="162" />
    <size key="GridCell.Tab.3.center.3440.0.2560.1440" width="1239" height="162" />
    <size key="GridCell.Tab.3.right.3440.0.2560.1440" width="1239" height="162" />
    <size key="GridCell.Tab.3.bottom.3440.0.2560.1440" width="1239" height="162" />
    <size key="GridCell.Tab.4.left.3440.0.2560.1440" width="1239" height="162" />
    <size key="GridCell.Tab.4.center.3440.0.2560.1440" width="1239" height="162" />
    <size key="GridCell.Tab.4.right.3440.0.2560.1440" width="1239" height="162" />
    <size key="GridCell.Tab.4.bottom.3440.0.2560.1440" width="1239" height="162" />
    <size key="find.popup.3440.0.2560.1440" width="932" height="840" />
    <size key="GridCell.Tab.0.left.3440.7.2560.1440" width="2494" height="502" />
    <size key="GridCell.Tab.0.center.3440.7.2560.1440" width="2494" height="502" />
    <size key="GridCell.Tab.0.right.3440.7.2560.1440" width="2494" height="502" />
    <size key="GridCell.Tab.0.bottom.3440.7.2560.1440" width="2494" height="502" />
    <size key="GridCell.Tab.1.left.3440.7.2560.1440" width="2494" height="502" />
    <size key="GridCell.Tab.1.center.3440.7.2560.1440" width="2494" height="502" />
    <size key="GridCell.Tab.1.right.3440.7.2560.1440" width="2494" height="502" />
    <size key="GridCell.Tab.1.bottom.3440.7.2560.1440" width="2494" height="502" />
    <size key="GridCell.Tab.2.left.3440.7.2560.1440" width="2494" height="502" />
    <size key="GridCell.Tab.2.center.3440.7.2560.1440" width="2494" height="502" />
    <size key="GridCell.Tab.2.right.3440.7.2560.1440" width="2494" height="502" />
    <size key="GridCell.Tab.2.bottom.3440.7.2560.1440" width="2494" height="502" />
    <size key="GridCell.Tab.3.left.3440.7.2560.1440" width="2494" height="502" />
    <size key="GridCell.Tab.3.center.3440.7.2560.1440" width="2494" height="502" />
    <size key="GridCell.Tab.3.right.3440.7.2560.1440" width="2494" height="502" />
    <size key="GridCell.Tab.3.bottom.3440.7.2560.1440" width="2494" height="502" />
    <size key="GridCell.Tab.4.left.3440.7.2560.1440" width="2494" height="502" />
    <size key="GridCell.Tab.4.center.3440.7.2560.1440" width="2494" height="502" />
    <size key="GridCell.Tab.4.right.3440.7.2560.1440" width="2494" height="502" />
    <size key="GridCell.Tab.4.bottom.3440.7.2560.1440" width="2494" height="502" />
    <size key="GridCell.Tab.0.left.0.0.2560.1440" width="2476" height="362" />
    <size key="GridCell.Tab.0.center.0.0.2560.1440" width="2476" height="362" />
    <size key="GridCell.Tab.0.right.0.0.2560.1440" width="2476" height="362" />
    <size key="GridCell.Tab.0.bottom.0.0.2560.1440" width="2476" height="362" />
    <size key="GridCell.Tab.1.left.0.0.2560.1440" width="2476" height="362" />
    <size key="GridCell.Tab.1.center.0.0.2560.1440" width="2476" height="362" />
    <size key="GridCell.Tab.1.right.0.0.2560.1440" width="2476" height="362" />
    <size key="GridCell.Tab.1.bottom.0.0.2560.1440" width="2476" height="362" />
    <size key="GridCell.Tab.2.left.0.0.2560.1440" width="2476" height="362" />
    <size key="GridCell.Tab.2.center.0.0.2560.1440" width="2476" height="362" />
    <size key="GridCell.Tab.2.right.0.0.2560.1440" width="2476" height="362" />
    <size key="GridCell.Tab.2.bottom.0.0.2560.1440" width="2476" height="362" />
    <size key="GridCell.Tab.3.left.0.0.2560.1440" width="2476" height="362" />
    <size key="GridCell.Tab.3.center.0.0.2560.1440" width="2476" height="362" />
    <size key="GridCell.Tab.3.right.0.0.2560.1440" width="2476" height="362" />
    <size key="GridCell.Tab.3.bottom.0.0.2560.1440" width="2476" height="362" />
    <size key="GridCell.Tab.4.left.0.0.2560.1440" width="2476" height="362" />
    <size key="GridCell.Tab.4.center.0.0.2560.1440" width="2476" height="362" />
    <size key="GridCell.Tab.4.right.0.0.2560.1440" width="2476" height="362" />
    <size key="GridCell.Tab.4.bottom.0.0.2560.1440" width="2476" height="362" />
    <size key="find.popup.0.0.3440.1440" width="708" height="512" />
    <size key="GridCell.Tab.0.left.-1200.0.1200.1920" width="662" height="385" />
    <size key="GridCell.Tab.0.center.-1200.0.1200.1920" width="662" height="385" />
    <size key="GridCell.Tab.0.right.-1200.0.1200.1920" width="662" height="385" />
    <size key="GridCell.Tab.0.bottom.-1200.0.1200.1920" width="662" height="385" />
    <size key="GridCell.Tab.1.left.-1200.0.1200.1920" width="662" height="385" />
    <size key="GridCell.Tab.1.center.-1200.0.1200.1920" width="662" height="385" />
    <size key="GridCell.Tab.1.right.-1200.0.1200.1920" width="662" height="385" />
    <size key="GridCell.Tab.1.bottom.-1200.0.1200.1920" width="662" height="385" />
    <size key="GridCell.Tab.2.left.-1200.0.1200.1920" width="662" height="385" />
    <size key="GridCell.Tab.2.center.-1200.0.1200.1920" width="662" height="385" />
    <size key="GridCell.Tab.2.right.-1200.0.1200.1920" width="662" height="385" />
    <size key="GridCell.Tab.2.bottom.-1200.0.1200.1920" width="662" height="385" />
    <size key="GridCell.Tab.3.left.-1200.0.1200.1920" width="662" height="385" />
    <size key="GridCell.Tab.3.center.-1200.0.1200.1920" width="662" height="385" />
    <size key="GridCell.Tab.3.right.-1200.0.1200.1920" width="662" height="385" />
    <size key="GridCell.Tab.3.bottom.-1200.0.1200.1920" width="662" height="385" />
    <size key="GridCell.Tab.0.left.-1200.-201.1200.1920" width="625" height="271" />
    <size key="GridCell.Tab.0.center.-1200.-201.1200.1920" width="625" height="271" />
    <size key="GridCell.Tab.0.right.-1200.-201.1200.1920" width="625" height="271" />
    <size key="GridCell.Tab.0.bottom.-1200.-201.1200.1920" width="625" height="271" />
    <size key="GridCell.Tab.1.left.-1200.-201.1200.1920" width="625" height="271" />
    <size key="GridCell.Tab.1.center.-1200.-201.1200.1920" width="625" height="271" />
    <size key="GridCell.Tab.1.right.-1200.-201.1200.1920" width="625" height="271" />
    <size key="GridCell.Tab.1.bottom.-1200.-201.1200.1920" width="625" height="271" />
    <size key="GridCell.Tab.2.left.-1200.-201.1200.1920" width="625" height="271" />
    <size key="GridCell.Tab.2.center.-1200.-201.1200.1920" width="625" height="271" />
    <size key="GridCell.Tab.2.right.-1200.-201.1200.1920" width="625" height="271" />
    <size key="GridCell.Tab.2.bottom.-1200.-201.1200.1920" width="625" height="271" />
    <size key="GridCell.Tab.3.left.-1200.-201.1200.1920" width="625" height="271" />
    <size key="GridCell.Tab.3.center.-1200.-201.1200.1920" width="625" height="271" />
    <size key="GridCell.Tab.3.right.-1200.-201.1200.1920" width="625" height="271" />
    <size key="GridCell.Tab.3.bottom.-1200.-201.1200.1920" width="625" height="271" />
    <size key="GridCell.Tab.0.left.11520.0.3840.2160@288dpi" width="1596" height="276" />
    <size key="GridCell.Tab.0.center.11520.0.3840.2160@288dpi" width="1596" height="276" />
    <size key="GridCell.Tab.0.right.11520.0.3840.2160@288dpi" width="1596" height="276" />
    <size key="GridCell.Tab.0.bottom.11520.0.3840.2160@288dpi" width="1596" height="276" />
    <size key="GridCell.Tab.1.left.11520.0.3840.2160@288dpi" width="1596" height="276" />
    <size key="GridCell.Tab.1.center.11520.0.3840.2160@288dpi" width="1596" height="276" />
    <size key="GridCell.Tab.1.right.11520.0.3840.2160@288dpi" width="1596" height="276" />
    <size key="GridCell.Tab.1.bottom.11520.0.3840.2160@288dpi" width="1596" height="276" />
    <size key="GridCell.Tab.2.left.11520.0.3840.2160@288dpi" width="1596" height="276" />
    <size key="GridCell.Tab.2.center.11520.0.3840.2160@288dpi" width="1596" height="276" />
    <size key="GridCell.Tab.2.right.11520.0.3840.2160@288dpi" width="1596" height="276" />
    <size key="GridCell.Tab.2.bottom.11520.0.3840.2160@288dpi" width="1596" height="276" />
    <size key="GridCell.Tab.3.left.11520.0.3840.2160@288dpi" width="1596" height="276" />
    <size key="GridCell.Tab.3.center.11520.0.3840.2160@288dpi" width="1596" height="276" />
    <size key="GridCell.Tab.3.right.11520.0.3840.2160@288dpi" width="1596" height="276" />
    <size key="GridCell.Tab.3.bottom.11520.0.3840.2160@288dpi" width="1596" height="276" />
    <size key="GridCell.Tab.4.left.11520.0.3840.2160@288dpi" width="1596" height="276" />
    <size key="GridCell.Tab.4.center.11520.0.3840.2160@288dpi" width="1596" height="276" />
    <size key="GridCell.Tab.4.right.11520.0.3840.2160@288dpi" width="1596" height="276" />
    <size key="GridCell.Tab.4.bottom.11520.0.3840.2160@288dpi" width="1596" height="276" />
    <size key="GridCell.Tab.0.left.3440.11.2560.1440" width="1093" height="288" />
    <size key="GridCell.Tab.0.center.3440.11.2560.1440" width="1093" height="288" />
    <size key="GridCell.Tab.0.right.3440.11.2560.1440" width="1093" height="288" />
    <size key="GridCell.Tab.0.bottom.3440.11.2560.1440" width="1093" height="288" />
    <size key="GridCell.Tab.1.left.3440.11.2560.1440" width="1093" height="288" />
    <size key="GridCell.Tab.1.center.3440.11.2560.1440" width="1093" height="288" />
    <size key="GridCell.Tab.1.right.3440.11.2560.1440" width="1093" height="288" />
    <size key="GridCell.Tab.1.bottom.3440.11.2560.1440" width="1093" height="288" />
    <size key="GridCell.Tab.2.left.3440.11.2560.1440" width="1093" height="288" />
    <size key="GridCell.Tab.2.center.3440.11.2560.1440" width="1093" height="288" />
    <size key="GridCell.Tab.2.right.3440.11.2560.1440" width="1093" height="288" />
    <size key="GridCell.Tab.2.bottom.3440.11.2560.1440" width="1093" height="288" />
    <size key="GridCell.Tab.3.left.3440.11.2560.1440" width="1093" height="288" />
    <size key="GridCell.Tab.3.center.3440.11.2560.1440" width="1093" height="288" />
    <size key="GridCell.Tab.3.right.3440.11.2560.1440" width="1093" height="288" />
    <size key="GridCell.Tab.3.bottom.3440.11.2560.1440" width="1093" height="288" />
    <size key="GridCell.Tab.0.left.-1920.104.1920.1200" width="1854" height="273" />
    <size key="GridCell.Tab.0.center.-1920.104.1920.1200" width="1854" height="273" />
    <size key="GridCell.Tab.0.right.-1920.104.1920.1200" width="1854" height="273" />
    <size key="GridCell.Tab.0.bottom.-1920.104.1920.1200" width="1854" height="273" />
    <size key="GridCell.Tab.1.left.-1920.104.1920.1200" width="1078" height="346" />
    <size key="GridCell.Tab.1.center.-1920.104.1920.1200" width="1078" height="346" />
    <size key="GridCell.Tab.1.right.-1920.104.1920.1200" width="1078" height="346" />
    <size key="GridCell.Tab.1.bottom.-1920.104.1920.1200" width="1078" height="346" />
    <size key="GridCell.Tab.2.left.-1920.104.1920.1200" width="1078" height="346" />
    <size key="GridCell.Tab.2.center.-1920.104.1920.1200" width="1078" height="346" />
    <size key="GridCell.Tab.2.right.-1920.104.1920.1200" width="1078" height="346" />
    <size key="GridCell.Tab.2.bottom.-1920.104.1920.1200" width="1078" height="346" />
    <size key="GridCell.Tab.3.left.-1920.104.1920.1200" width="1078" height="346" />
    <size key="GridCell.Tab.3.center.-1920.104.1920.1200" width="1078" height="346" />
    <size key="GridCell.Tab.3.right.-1920.104.1920.1200" width="1078" height="346" />
    <size key="GridCell.Tab.3.bottom.-1920.104.1920.1200" width="1078" height="346" />
    <size key="GridCell.Tab.4.left.-1920.104.1920.1200" width="1854" height="232" />
    <size key="GridCell.Tab.4.center.-1920.104.1920.1200" width="1854" height="232" />
    <size key="GridCell.Tab.4.right.-1920.104.1920.1200" width="1854" height="232" />
    <size key="GridCell.Tab.4.bottom.-1920.104.1920.1200" width="1854" height="232" />
    <size key="GridCell.Tab.0.left.2560.0.1080.1920" width="1014" height="442" />
    <size key="GridCell.Tab.0.center.2560.0.1080.1920" width="1014" height="442" />
    <size key="GridCell.Tab.0.right.2560.0.1080.1920" width="1014" height="442" />
    <size key="GridCell.Tab.0.bottom.2560.0.1080.1920" width="1014" height="442" />
    <size key="GridCell.Tab.1.left.2560.0.1080.1920" width="1014" height="442" />
    <size key="GridCell.Tab.1.center.2560.0.1080.1920" width="1014" height="442" />
    <size key="GridCell.Tab.1.right.2560.0.1080.1920" width="1014" height="442" />
    <size key="GridCell.Tab.1.bottom.2560.0.1080.1920" width="1014" height="442" />
    <size key="GridCell.Tab.2.left.2560.0.1080.1920" width="1014" height="442" />
    <size key="GridCell.Tab.2.center.2560.0.1080.1920" width="1014" height="442" />
    <size key="GridCell.Tab.2.right.2560.0.1080.1920" width="1014" height="442" />
    <size key="GridCell.Tab.2.bottom.2560.0.1080.1920" width="1014" height="442" />
    <size key="GridCell.Tab.3.left.2560.0.1080.1920" width="1014" height="442" />
    <size key="GridCell.Tab.3.center.2560.0.1080.1920" width="1014" height="442" />
    <size key="GridCell.Tab.3.right.2560.0.1080.1920" width="1014" height="442" />
    <size key="GridCell.Tab.3.bottom.2560.0.1080.1920" width="1014" height="442" />
    <size key="GridCell.Tab.5.left.0.0.3440.1440" width="3374" height="365" />
    <size key="GridCell.Tab.5.center.0.0.3440.1440" width="3374" height="365" />
    <size key="GridCell.Tab.5.right.0.0.3440.1440" width="3374" height="365" />
    <size key="GridCell.Tab.5.bottom.0.0.3440.1440" width="3374" height="365" />
    <size key="GridCell.Tab.5.left.0.0.2560.1440" width="2476" height="362" />
    <size key="GridCell.Tab.5.center.0.0.2560.1440" width="2476" height="362" />
    <size key="GridCell.Tab.5.right.0.0.2560.1440" width="2476" height="362" />
    <size key="GridCell.Tab.5.bottom.0.0.2560.1440" width="2476" height="362" />
    <size key="GridCell.Tab.5.left.3440.7.2560.1440" width="2494" height="502" />
    <size key="GridCell.Tab.5.center.3440.7.2560.1440" width="2494" height="502" />
    <size key="GridCell.Tab.5.right.3440.7.2560.1440" width="2494" height="502" />
    <size key="GridCell.Tab.5.bottom.3440.7.2560.1440" width="2494" height="502" />
    <size key="REMOTE_DEVELOPMENT_CONNECTION.0.0.3440.1440" width="816" height="691" />
  </component>
  <component name="WindowManager">
    <frame x="-8" y="0" width="3450" height="1405" extendedState="6" />
  </component>
  <component name="WindowStateApplicationService">
    <state x="1337" y="432" width="1127" height="528" key="APPLICATION_WIDE_STORE_#rider.projectView.actions.properties.EditPropertiesDialogProject" timestamp="1728980366197">
      <screen x="0" y="0" width="3440" height="1392" />
    </state>
    <state x="1337" y="432" key="APPLICATION_WIDE_STORE_#rider.projectView.actions.properties.EditPropertiesDialogProject/3440.7.2560.1392/0.0.3440.1392" timestamp="1728980366197" />
    <state x="1437" y="552" key="APPLICATION_WIDE_STORE_#rider.projectView.actions.properties.EditPropertiesDialogReference" timestamp="1727349679816">
      <screen x="0" y="0" width="3440" height="1392" />
    </state>
    <state x="1437" y="552" key="APPLICATION_WIDE_STORE_#rider.projectView.actions.properties.EditPropertiesDialogReference/3440.7.2560.1392/0.0.3440.1392" timestamp="1727349679816" />
    <state width="464" height="362" key="ShowUsagesActions.dimensionServiceKey" timestamp="1733213481621">
      <screen x="0" y="0" width="3440" height="1392" />
    </state>
    <state width="440" height="765" key="ShowUsagesActions.dimensionServiceKey/0.0.2560.1392/-1920.4.1920.1152" timestamp="1732868942814" />
    <state width="464" height="362" key="ShowUsagesActions.dimensionServiceKey/3440.7.2560.1392/0.0.3440.1392" timestamp="1733213481621" />
    <state x="1720" y="681" width="1660" height="1305" key="WELCOME_SCREEN" timestamp="1730895069234">
      <screen x="0" y="0" width="3440" height="1392" />
    </state>
    <state x="1280" y="627" width="1118" height="981" key="WELCOME_SCREEN/0.0.2560.1392/-1920.104.1920.1152" timestamp="1725191226732" />
    <state x="1720" y="681" width="1660" height="1305" key="WELCOME_SCREEN/3440.7.2560.1392/0.0.3440.1392" timestamp="1730895069234" />
  </component>
</application>